student_id,original_url,normalized_url,local_path,status,error,file_size_bytes
23025313,https://raw.githubusercontent.com/hussainrifat/QDArchive/blob/main/23025313-seeding.db,https://raw.githubusercontent.com/hussainrifat/QDArchive/main/23025313-seeding.db,data/student_metadata/23025313.db,downloaded,,4313088
23025328,https://raw.githubusercontent.com/akmyasar/Applied-Software-Engineering-Project/blob/main/23025328-seeding.db,https://raw.githubusercontent.com/akmyasar/Applied-Software-Engineering-Project/main/23025328-seeding.db,data/student_metadata/23025328.db,downloaded,,3489792
23041405,https://raw.githubusercontent.com/navalmor/QDArchive/blob/main/23041405-seeding.db,https://raw.githubusercontent.com/navalmor/QDArchive/main/23041405-seeding.db,data/student_metadata/23041405.db,downloaded,,5468160
23047806,https://raw.githubusercontent.com/RzHridoy/seedingQDArchive/blob/main/23047806_seeding.db,https://raw.githubusercontent.com/RzHridoy/seedingQDArchive/main/23047806_seeding.db,data/student_metadata/23047806.db,downloaded,,6598656
23071063,https://raw.githubusercontent.com/Xinia400/Applied-Software-Engineering-Project/blob/1384ac5c1195a3433507b1e44733e8132c277c06/23071063-seeding.db,https://raw.githubusercontent.com/Xinia400/Applied-Software-Engineering-Project/1384ac5c1195a3433507b1e44733e8132c277c06/23071063-seeding.db,data/student_metadata/23071063.db,downloaded,,77824
23071082,https://raw.githubusercontent.com/Rinco400/Applied-SE-Project/blob/0141a9365018fd70aef46c65ab640ad7085fb672/23071082-seeding.db,https://raw.githubusercontent.com/Rinco400/Applied-SE-Project/0141a9365018fd70aef46c65ab640ad7085fb672/23071082-seeding.db,data/student_metadata/23071082.db,downloaded,,3670016
23079239,https://raw.githubusercontent.com/mubashir005/SQ26/blob/main/23079239-seeding.db,https://raw.githubusercontent.com/mubashir005/SQ26/main/23079239-seeding.db,data/student_metadata/23079239.db,downloaded,,32768
23079506,https://raw.githubusercontent.com/QNabila/Seeding-QDArchive-/blob/main/23079506-seeding.db,https://raw.githubusercontent.com/QNabila/Seeding-QDArchive-/main/23079506-seeding.db,data/student_metadata/23079506.db,downloaded,,4112384
23080363,https://raw.githubusercontent.com/yeasin-shampod/QDArchive_Project.Shampod/blob/main/23080363-seeding.db,https://raw.githubusercontent.com/yeasin-shampod/QDArchive_Project.Shampod/main/23080363-seeding.db,data/student_metadata/23080363.db,downloaded,,3112960
23082320,https://raw.githubusercontent.com/hamza52969/Seeding_QDA/blob/master/23082320-seeding.db,https://raw.githubusercontent.com/hamza52969/Seeding_QDA/master/23082320-seeding.db,data/student_metadata/23082320.db,downloaded,,192512
23084716,https://raw.githubusercontent.com/sajiasidz/seedingQDarchive/blob/main/23084716-seeding.db,https://raw.githubusercontent.com/sajiasidz/seedingQDarchive/main/23084716-seeding.db,data/student_metadata/23084716.db,downloaded,,20258816
23100834,https://raw.githubusercontent.com/PremPrakashS/SeedingQDArch/blob/main/database/23100834-seeding.db,https://raw.githubusercontent.com/PremPrakashS/SeedingQDArch/main/database/23100834-seeding.db,data/student_metadata/23100834.db,downloaded,,14372864
23123639,https://raw.githubusercontent.com/Pinto391/QDArchive/blob/main/23123639-seeding.db,https://raw.githubusercontent.com/Pinto391/QDArchive/main/23123639-seeding.db,data/student_metadata/23123639.db,downloaded,,2654208
23129103,https://raw.githubusercontent.com/ShorfuddinRobin/QDarchieve/blob/main/23129103-seeding.db,https://raw.githubusercontent.com/ShorfuddinRobin/QDarchieve/main/23129103-seeding.db,data/student_metadata/23129103.db,downloaded,,16203776
23129118,https://raw.githubusercontent.com/FerdoushiNahar/Seeding-QDArchive-Wi25-26_So26/blob/main/23129118-seeding.db,https://raw.githubusercontent.com/FerdoushiNahar/Seeding-QDArchive-Wi25-26_So26/main/23129118-seeding.db,data/student_metadata/23129118.db,downloaded,,28672
23129194,https://raw.githubusercontent.com/sajjadulalam/Seeding-QDArchive/blob/main/data/database/23129194-seeding.db,https://raw.githubusercontent.com/sajjadulalam/Seeding-QDArchive/main/data/database/23129194-seeding.db,data/student_metadata/23129194.db,downloaded,,147456
23135689,https://raw.githubusercontent.com/tosiful/QDA_Project-/blob/main/23135689-seeding.db,https://raw.githubusercontent.com/tosiful/QDA_Project-/main/23135689-seeding.db,data/student_metadata/23135689.db,downloaded,,655360
23148157,https://raw.githubusercontent.com/FarjanaShashi/shashi_qdarchive/blob/main/23148157-seeding.db,https://raw.githubusercontent.com/FarjanaShashi/shashi_qdarchive/main/23148157-seeding.db,data/student_metadata/23148157.db,downloaded,,13017088
23158572,https://raw.githubusercontent.com/MaishaFahmida/Seeding-QDArchive_23158572/blob/main/23158572-seeding.db,https://raw.githubusercontent.com/MaishaFahmida/Seeding-QDArchive_23158572/main/23158572-seeding.db,data/student_metadata/23158572.db,downloaded,,172032
23158587,https://raw.githubusercontent.com/MD-IKRAM169/Seeding-QDArchive_23158587/blob/main/23158587-seeding.db,https://raw.githubusercontent.com/MD-IKRAM169/Seeding-QDArchive_23158587/main/23158587-seeding.db,data/student_metadata/23158587.db,downloaded,,520192
23173040,https://raw.githubusercontent.com/puni-ram48/SeedingQDArchive/blob/main/23173040-sq26.db,https://raw.githubusercontent.com/puni-ram48/SeedingQDArchive/main/23173040-sq26.db,data/student_metadata/23173040.db,downloaded,,3239936
23206422,https://raw.githubusercontent.com/MdAhnafShahriarAdit/Seeding-QDArchive/blob/main/data/23206422-sq26.db,https://raw.githubusercontent.com/MdAhnafShahriarAdit/Seeding-QDArchive/main/data/23206422-sq26.db,data/student_metadata/23206422.db,downloaded,,4583424
23220843,https://raw.githubusercontent.com/anosh-ar/Seeding-QDArchive/blob/main/23220843-seeding.db,https://raw.githubusercontent.com/anosh-ar/Seeding-QDArchive/main/23220843-seeding.db,data/student_metadata/23220843.db,downloaded,,7700480
23221189,https://raw.githubusercontent.com/annus3/QDArchive-Project/blob/main/23221189-sq26.db,https://raw.githubusercontent.com/annus3/QDArchive-Project/main/23221189-sq26.db,data/student_metadata/23221189.db,downloaded,,8290304
23240175,https://raw.githubusercontent.com/md-nashif-iftekhar/Seeding-QDArchive/blob/main/23240175-seeding.db,https://raw.githubusercontent.com/md-nashif-iftekhar/Seeding-QDArchive/main/23240175-seeding.db,data/student_metadata/23240175.db,downloaded,,4980736
23262136,https://raw.githubusercontent.com/MShaza/QDA_Data_Acquisition/blob/main/23262136-seeding.db,https://raw.githubusercontent.com/MShaza/QDA_Data_Acquisition/main/23262136-seeding.db,data/student_metadata/23262136.db,downloaded,,69632
23273412,https://raw.githubusercontent.com/SahNa89/QDArchive/blob/main/23273412-seeding.db,https://raw.githubusercontent.com/SahNa89/QDArchive/main/23273412-seeding.db,data/student_metadata/23273412.db,downloaded,,7602176
23277555,https://raw.githubusercontent.com/robayet002/Seeding-QDArchive/blob/main/Database%20and%20CSV/23277555-seeding.db,https://raw.githubusercontent.com/robayet002/Seeding-QDArchive/main/Database%20and%20CSV/23277555-seeding.db,data/student_metadata/23277555.db,downloaded,,1073152
23293505,https://raw.githubusercontent.com/sumonkazi17636/Seeding_QDArchive/blob/main/23293505-seeding.db,https://raw.githubusercontent.com/sumonkazi17636/Seeding_QDArchive/main/23293505-seeding.db,data/student_metadata/23293505.db,downloaded,,2699264
23293539,https://raw.githubusercontent.com/imran27275/Seeding-QDArchive/blob/main/data/23293539-sq26.db,https://raw.githubusercontent.com/imran27275/Seeding-QDArchive/main/data/23293539-sq26.db,data/student_metadata/23293539.db,downloaded,,3272704
23308310,https://raw.githubusercontent.com/sayeda077/Seeding_QDArchive/blob/main/23308310-seeding.db,https://raw.githubusercontent.com/sayeda077/Seeding_QDArchive/main/23308310-seeding.db,data/student_metadata/23308310.db,downloaded,,1581056
23359384,https://raw.githubusercontent.com/TSraj/Seeding-QDArchive-Project/blob/main/23359384-sq26.db,https://raw.githubusercontent.com/TSraj/Seeding-QDArchive-Project/main/23359384-sq26.db,data/student_metadata/23359384.db,downloaded,,10379264
23365366,https://raw.githubusercontent.com/Sadiya-Yesmin/QDArchive/blob/main/23365366-sq26.db,https://raw.githubusercontent.com/Sadiya-Yesmin/QDArchive/main/23365366-sq26.db,data/student_metadata/23365366.db,downloaded,,3497984
23453618,https://raw.githubusercontent.com/Jubaer-Shondhi/Seeding-QDArchive/blob/main/23453618-seeding.db,https://raw.githubusercontent.com/Jubaer-Shondhi/Seeding-QDArchive/main/23453618-seeding.db,data/student_metadata/23453618.db,downloaded,,3059712
23455702,https://raw.githubusercontent.com/Sayem010/Project_Data_Analysis/blob/main/23455702-seeding.db,https://raw.githubusercontent.com/Sayem010/Project_Data_Analysis/main/23455702-seeding.db,data/student_metadata/23455702.db,downloaded,,55189504
23460503,https://raw.githubusercontent.com/Paromita1996/Seeding-QDArchive-23460503/blob/main/cessda_metadata.sqlite,https://raw.githubusercontent.com/Paromita1996/Seeding-QDArchive-23460503/main/cessda_metadata.sqlite,data/student_metadata/23460503.db,downloaded,,18563072
23514826,https://raw.githubusercontent.com/WasimAkramShuvo/Seeding-QDArchive-23514826/blob/main/23514826-seeding.db,https://raw.githubusercontent.com/WasimAkramShuvo/Seeding-QDArchive-23514826/main/23514826-seeding.db,data/student_metadata/23514826.db,downloaded,,1335296
23542421,https://raw.githubusercontent.com/Nafas1992/Seeding-QDArchive/blob/main/23542421-sq26.db,https://raw.githubusercontent.com/Nafas1992/Seeding-QDArchive/main/23542421-sq26.db,,failed,HTTP 404,0
23688981,https://raw.githubusercontent.com/mo-karbalaee/QDArchive/blob/main/23688981-sq26.db,https://raw.githubusercontent.com/mo-karbalaee/QDArchive/main/23688981-sq26.db,data/student_metadata/23688981.db,downloaded,,1183744
23692652,https://raw.githubusercontent.com/MahtabSh/Seeding-QDArchive/blob/main/23692652-sq26.db,https://raw.githubusercontent.com/MahtabSh/Seeding-QDArchive/main/23692652-sq26.db,,failed,"not a SQLite file (134 bytes, header=b'version https://git-lfs.github.c')",0
23711815,https://raw.githubusercontent.com/tdiyar/QDArchive/blob/main/23711815-seeding.db,https://raw.githubusercontent.com/tdiyar/QDArchive/main/23711815-seeding.db,data/student_metadata/23711815.db,downloaded,,23691264
23724707,https://raw.githubusercontent.com/TheFatemeh/Seeding-QDArchive/blob/main/23724707-sq26.db,https://raw.githubusercontent.com/TheFatemeh/Seeding-QDArchive/main/23724707-sq26.db,data/student_metadata/23724707.db,downloaded,,23224320
23726011,https://raw.githubusercontent.com/Ahmadrezanourozii/Seeding-QDArchive/blob/main/23726011-seeding.db,https://raw.githubusercontent.com/Ahmadrezanourozii/Seeding-QDArchive/main/23726011-seeding.db,,failed,"not a SQLite file (134 bytes, header=b'version https://git-lfs.github.c')",0
23727550,LOCAL:23727550-sq26.db,23727550-sq26.db,data/student_metadata/23727550.db,local,,24637440
